Url,Title,Description,Rank,Page Number
,,,1,1
https://www.transfermarkt.com/betting/sites/,Best betting sites - Our top 10 online bookmakers 2025,Â·,2,1
https://www.sportytrader.com/en/betting-sites/,Betting Sites: The 23 Best Online Bookmakers (2025),Â·,3,1
https://www.sportsbookreview.com/betting-sites/,,á˜áá·á€áŸ‚á›á˜áŸ’á¢,4,1
https://www.olbg.com/bookmakers.php,Betting Sites UK | Best & New Online Bookmakers January 2025,Â·,5,1
https://www.covers.com/betting,10 Best Betting Sites in the US January 2025,2 ááŸ’á„áŸƒá˜á»á“ â€”,6,1
https://sportsadda.com/tips-and-predictions/betting-sites/,Best Betting Sites,Â·,7,1
https://betblazers.com/betting-sites,Top 10 Betting Sites in the USA (Jan 2025),Â·,8,1
https://www.top100bookmakers.com/,Top 100 Bookmakers: Online Bookmakers and Betting Sites,Â·,9,1
https://www.thetopbookies.com/india-bookmakers,Best Betting Sites in India | Online Betting (2025),Â·,10,1
https://www.bestbettingsites.co.uk/,Best Betting Sites - List of All Online UK Bookmakers 2025,Â·,11,1
https://www.sportsbookreview.com/betting-sites/,Best Sports Betting Sites for Online Betting Jan. 2025,Â·,12,1
https://bestonlinebookmakers.com/popular-betting-sites.html,Most Popular Betting Sites,Â·,1,2
https://www.bets.co.za/betting-sites/,Best Betting Sites In South Africa 2025 - Top 10 Lists & ...,Top 10 Horse Racing Betting Sites in South Africa Â· Hollywoodbets Â· Sportingbet Â· Betway Â· Bet.co.za Â· 10Bet Â· Boylesports Â· World Sports Betting Â· Betfred,2,2
https://www.wincomparator.com/bookmakers/,Online Bookmakers - The Best Betting Sites,Â·,3,2
https://www.legalsportsreport.com/sports-betting/,Best Betting Sites for Beginners & Experienced US Sports ...,Â·,4,2
https://www.top10bettingsites.co.uk/,Top 10 Betting Sites: Ten Best UK Online Bookies ...,Â·,5,2
https://www.freebets.com/bookmakers/,The Best Online Bookmakers in the UK - January 2025,Â·,6,2
https://www.gambling.com/us/sports-betting,Best U.S. Online Sportsbooks: Top 10 Betting Sites of ...,Best U.S. Online Sportsbooks: Top 10 Betting Sites of January 2025 Â· 1. FanDuel: Best Overall Sportsbook Â· 2. BetMGM: Best Sportsbook for Rewards Â· 3.,7,2
https://www.livetipsportal.com/en/best-betting-sites/,Betting Companies in africa - top 10 betting sites in Africa,Â·,8,2
https://bettingsites.ltd.uk/,Best New UK Betting Sites 2025 | Betting Sites Ltd,Â·,9,2
https://sportshandle.com/best-sports-betting-sites/,The Top 9 Sports Betting Sites in the United States (2025),Â·,10,2
https://dailysports.net/bookmakers/,Best Betting Sites - List of Top Online Bookmakers in 2025,Â·,1,3
https://alin.or.ke/,Top 10 Best Betting Sites in Kenya,Â·,2,3
https://northeasttimes.com/betting-sites/,Best Sports Betting Sites in 2025: Top 10 Online Sportsbooks,Â·,3,3
https://www.similarweb.com/top-websites/gambling/sports-betting/,Top Sports Betting Websites Ranking in December 2024,Â·,4,3
https://talksport.com/betting/1760032/best-betting-sites-uk/,Best betting sites UK | January 2025,Â·,5,3
https://www.freetips.com/betting-sites/,"Best Betting Sites, Reviews & Bonuses 2025",Â·,6,3
https://gologin.com/blog/best-betting-sites/,Top 10 Best Betting Sites To Earn Big In 2024,Â·,7,3
https://smartbettingguide.com/best-online-sports-betting-companies/,Best Online Betting Sites 2025 Find top online bookmaker!,Â·,8,3
https://www.futbol24.com/betting-tips/sites/,Best bookmakers - discover the [top 10] betting sites,Â·,9,3
https://bestonlinebookmakers.com/international-betting-sites.html,International Betting Sites âœ”ï¸ Bookmakers by Country,Â·,10,3
https://www.ispo.com/en/sports-betting/,Betting Sites UK | Best & New Online Bookmakers 2025,Â·,1,4
https://www.thepunterspage.com/best-online-bookies/,Best Betting Sites UK 2024 | Top 50+ Bookies Ranked,Â·,2,4
https://www.casino.org/gambling/,ğŸ² Best Online Gambling Sites for Real Money | Top 10 2025,"Get this month's full list of top gambling sites. Discover insights and analysis from industry experts, including top bonuses and payouts!",3,4
https://bookiesbonuses.com/best-betting-sites-in-nigeria,Top 10 Betting Sites and Bonuses in Nigeria (Jan 2025),Â·,4,4
https://bookmaker-expert.com/bookmakers/,Best Online Bookmakers in 2025 â–· TOP 10 Betting Sites,Â·,5,4
https://www.bettingtop10.com.au/,Top Australian Betting Sites For January 2025,Betting Top 10 Â· Australian Betting Sites Â· PlayUp Â· Betfocus Â· QuestBet Â· BetRoyale Â· WellBet Â· Bet Right Â· Chasebet Â· JuicyBet Â· PuntGenie Â· OldGill Â· Bet365.,6,4
http://www.soccerscore.com/best-betting-sites/,Best Betting Sites - Top 10 Betting Sites from SoccerScore.com,Â·,7,4
https://www.sportbetting.ng/best-betting-sites/,Best Sports Betting Sites (2025),Â·,8,4
https://mybettingsites.com/,The UK's Best Betting Sites (Top 20 Pros & Cons),Â·,9,4
https://www.bestbettingsites.org.uk/top-10-betting-sites/,Top 10 Betting Sites & Online Bookmakers,Â·,10,4
https://www.gobet.com.au/betting-sites/,170+ Best Betting Sites in Australia (January 2025),Â·,1,5
https://gg.co.uk/bookmaker/,Best Betting Sites 2025: Top UK New Sports Bookmakers,"Our betting experts chose BetMGM as the best overall betting site because of its generous and fair welcome offer, huge selection of sports markets, regular ...",2,5
https://www.top10sportsbettingsites.net/,Top 10 Sports Betting Sites for 2025 - Best Betting Sites ...,Â·,3,5
https://www.bitcoin.com/gambling/betting/,The Best Crypto and Bitcoin Sports Betting Websites [2025],Â·,4,5
https://www.bookmakers.bet/top-bookmakers-odds/,Best ÎŸdds Î’etting Sites âœ”ï¸ Top 10 Highest Odds ...,Â·,5,5
https://www.bookmakersreview.com/,Best Offshore Sportsbooks with 20 Year Track Records,"Heritage Sports is among the best offshore betting sites, known for its wide range of betting options and VIP service. It offers a comprehensive live betting ...",6,5
https://betblazers.com/best-betting-sites-in-nigeria,Best Betting Sites in Nigeria,Â·,7,5
https://www.top10sportsbettingsites.co.uk/,Top 10 Sports Betting Sites,Â·,8,5
https://www.justhorseracing.com.au/top-10-betting-sites-in-australia,Top 10 Betting Sites in Australia,Â·,9,5
https://www.bettingsites.co/top-10/,Top 10 Betting Sites - Best Betting Sites For Sports in the UK,Â·,10,5
https://www.bettingkick.com/bookmakers/top-betting-sites,Top 10 Betting Sites,Â·,1,6
https://www.oddschecker.com/free-bets,Free Bets & Betting Offers | Â£2200+ in Bonuses for January ...,Â·,2,6
https://bookies.com/uk,Best Betting Sites UK 2025: Popular Online Bookmakers ...,Â·,3,6
https://wintips.com/bookmakers/,Top 10 Best Online Bookmakers & Trusted Betting Sites in ...,Â·,4,6
https://www.soccer24.com/reviews/betting/,Best Betting Sites 2025: The Best Sites For Online Betting,Â·,5,6
https://www.telecomasia.net/bd/betting-sites-in-bangladesh/,Best Online Betting Sites in Bangladesh,Â·,6,6
https://silentbet.com/best-betting-sites-by-country/,Best Betting Sites in the World: Top 10 for 2025,Â·,7,6
https://www.whoscored.com/bookmakers,Best Betting Sites and Bookmakers January 2025,Â·,8,6
https://www.bookmakers.bet/betting-sites/,Top Betting Sites for 2025 âœ”ï¸ Best Online ...,Â·,9,6
https://www.olbg.com/free.php,Free Bets | Best New Betting Offers [January 2025],Â·,10,6
https://www.oddsportal.com/reviews/betting/sites/,Best Betting Sites: The Top Sports Betting Sites in 2025,Â·,1,7
https://www.sportingnews.com/us/betting/news/best-betting-sites/02d12b72181bbc9c3f096b14,Best sports betting sites: Our top U.S. online sportsbooks,Â·,2,7
https://www.youtube.com/watch?v=IHhp7ZKZtB8,Best Sports Betting Sites 2020,,3,7
https://deadspin.com/betting-sites/,Best Online Betting Sites 2025 | Top Sportsbooks Ranked,Â·,4,7
https://www.vso.org.uk/non-uk-betting-sites/,Best Non UK Betting Sites in 2025,Â·,5,7
https://eurovisionworld.com/odds/eurovision,Odds Eurovision Song Contest 2025,Â·,6,7
https://www.sportsbettingdime.com/sportsbooks/,New Sports Betting Sites & Best Online Sportsbooks,Â·,7,7
https://www.nerdsofgambling.com/topp-10-betting-sites/,Topp-10 betting sites - Nerdsofgambling,Â·,8,7
https://en.africatopsports.com/2024/08/31/top-10-betting-sites-best-sportsbooks-ranked/,community Top 10 Betting Sites: Best Sportsbooks Ranked,Â·,9,7
https://theplayoffs.news/en/best-nfl-betting/,Best NFL Betting Sites and Apps | The Top 10 Football ...,Â·,10,7
https://sports.williamhill.com/betting/en-gb,Online Sports Betting & Odds â‡’ Bet Online at William Hillâ„¢,Â·,1,8
https://snjtoday.com/fl/betting/,Florida Sports Betting Sites (January 2025): Best FL ...,Â·,2,8
https://finance.yahoo.com/news/16-biggest-betting-companies-world-211244262.html,16 Biggest Betting Companies In The World,Â·,3,8
https://www.semrush.com/website/top/global/gambling/,Most Visited Gambling Websites in the World ...,Â·,4,8
https://bettingplanet.com/sites/,Top Online Betting Sites 2025,Â·,5,8
https://www.techopedia.com/cryptocurrency/no-verification-betting-sites,Best No Verification Betting Sites for January 2025,Â·,6,8
https://myrbkc.rbkc.gov.uk/forums/general-discussion/c2204ee1-4ad9-ef11-a81c-7c1e52209a97,Laserbook247 New ID +91-7891599246 Top Cricket Betting ...,Â·,7,8
https://betway.com/en/sports,Betway: Online Betting Site | Sports Betting,Betway Sports is a leading online betting site that offers a full range of sports betting markets from around the world.,8,8
https://www.twinspires.com/,Horse Racing Betting | Bet Online with TwinSpires,Â·,9,8
https://www.bet365.com/,Bet with bet365 â€“ Live Online Betting Sportsbook â€“ Latest Bets ...,"bet365 - The world's favourite online sports betting company. The most comprehensive In-Play service. Watch Live Sport. Live Streaming available on desktop, ...",10,8
https://www.the-blockchain.com/2025/01/22/5-best-online-betting-sites-usa-top-us-sportsbooks-in-2025/,5 Best Online Betting Sites USA - Top US Sportsbooks in 2025,Â·,1,9
https://australianracinggreyhound.com/betting-odds/374955f73840ffb28c7b505efdd49e7d98b8b492de35be551054f94dedf04954,Casino Race 10,Â·,2,9
https://www.top100bookmakers.com/completelist.php,Complete List of Online Bookmakers,1 á˜á€ášá¶ 2025 â€”,3,9
https://www.thespike.gg/betting,Online Betting Sites 2025 | List of Top 20 Sports ...,Â·,4,9
https://www.feedinco.com/bookies/best-betting-sites,Best Betting Sites [2025] - Best Online Bookies Offers,Â·,5,9
https://www.thelines.com/betting/,Best Betting Sites for Novice & Seasoned US Sports ...,Â·,6,9
https://www.bestsportsodds.com/news/top-10-best-sports-betting-sites,Top 10 best sports betting sites,Â·,7,9
https://www.fool.com/research/biggest-sports-betting-companies/,Biggest Sports Betting Companies,Â·,8,9
https://www.sportingpedia.com/betting-sites/,Best Sports Betting Sites in 2025 - Real Money Bookmakers,Â·,9,9
https://ballislife.com/betting/calculators/hedge/,Check Out Our Free Bet Hedge Calculator for Sports Today,Â·,10,9
https://andysbetclub.co.uk/predictions/celtic-v-young-boys-betting-preview/,"Celtic v Young Boys Best Betting Predictions, Cheat Sheet ...",Â·,1,10
https://www.pennlive.com/pennstatefootball/2025/01/regular-season-win-totals-are-out-on-a-betting-site-what-are-the-totals-for-penn-state-ohio-state-michigan.html,Regular-season win totals are out on a betting site,Â·,2,10
https://www.gamechampions.com/en/reviews/betting/,âš½ Best Betting Sites 2025 | Top Sportsbooks Reviewed & ...,Â·,3,10
https://www.saturdaydownsouth.com/sports-betting/missouri/caesars-sportsbook-promo-code/,Caesars Sportsbook Missouri Promo Code,Â·,4,10
https://oddspedia.com/bookmakers,Best Betting Sites in January 2025: Top Online Bookmaker ...,"While Stake has the biggest welcome bonus, 1xBet arguably has the best selection of existing customer promos. The exact number changes all the time, but by my ...",5,10
https://www.jaxon.gg/gambling/betting/,Best Sports Betting Sites 2025: The Top Sportsbooks Ranked,Â·,6,10
https://bulawayo24.com/index-id-technology-sc-internet-byo-236542.html,BetZillion: List of the Best Betting Sites | Top 10 Online ...,Â·,7,10
https://www.justhorseracing.com.au/general-news/betting/over-the-odds-25-1-2025-fridays-horse-racing-value-tips-and-bets/841295,Over The Odds 25/1/2025 â€“ Friday's Horse Racing Value ...,Â·,8,10
https://australianracinggreyhound.com/betting-odds/a640c3e625040257986cf9e5c548d0640cf29c522e449df62aebac95030470f5,Addington Race 10,Â·,9,10
https://www.esports.net/betting/casinos-like-spin-palace/,Casinos Like Spin Palace | 3 Great Alternatives,Â·,10,10
